mfcc_0,mfcc_1,mfcc_2,mfcc_3,mfcc_4,mfcc_5,mfcc_6,mfcc_7,mfcc_8,mfcc_9,mfcc_10,mfcc_11,mfcc_12,mfcc_13,mfcc_14,mfcc_15,mfcc_16,mfcc_17,mfcc_18,mfcc_19,mfcc_20,mfcc_21,mfcc_22,mfcc_23,mfcc_24,mfcc_25,mfcc_26,mfcc_27,mfcc_28,mfcc_29,mfcc_30,mfcc_31,mfcc_32,mfcc_33,mfcc_34,mfcc_35,mfcc_36,mfcc_37,mfcc_38,mfcc_39,label
-271.6198,112.386734,-47.71341,-12.142614,-11.461189,-7.878829,-13.797426,-10.421242,-10.715836,-3.4851215,-6.089336,-3.9680924,-5.994256,-7.1083403,-9.831245,-2.1259055,-12.739613,-6.6972356,-10.557264,-8.849013,-11.603782,-4.82555,-5.411697,-0.18828201,-1.0059716,2.3598325,-1.6235505,-1.0661354,-2.4363298,0.07373191,-2.6189704,-1.123292,-2.0073428,-0.8163259,-3.4952793,-0.9596891,-3.3853257,-2.228052,-4.253115,-1.3425616,Human
-253.7583,111.19869,0.025428155,21.919771,10.999806,0.42723277,-2.672259,1.376005,-2.6662412,8.432921,-4.1798515,0.75374055,0.4720699,3.1962159,1.3231832,2.0042517,-0.37439352,2.4585948,-0.8134446,-0.63447195,-1.1410377,0.80331415,-1.697484,0.7054393,-4.5751376,-1.0252815,-2.8113918,0.02283833,-2.8081787,-1.0877703,-2.4780183,-0.10921472,-1.78474,0.09395677,-2.4857798,0.008666584,-1.9786209,-0.21065234,-2.246625,-0.747376,Human
-273.57657,86.272354,-22.510695,14.258929,-8.574967,-18.435638,-19.033485,-8.5928135,-9.958231,0.09479926,-13.147628,-3.3257794,-12.213191,-8.423091,-5.805429,-14.021781,-8.48248,-3.0034146,-12.952345,-5.190984,-6.464353,-6.627947,-4.9516854,-2.9859185,-5.8840075,-0.31608197,-5.4810286,0.46458527,-2.4655094,2.3881884,0.43700695,3.7109811,0.59137934,3.7715485,-1.1555588,3.7390244,0.84162164,2.663779,0.29321128,1.4970691,Human
-248.25034,168.3265,-16.7589,21.82497,12.965026,-8.925607,-9.284952,-23.104204,-13.211214,-6.284072,-2.4571843,1.5384908,0.17321655,-1.0333483,-3.2165084,4.095049,0.77687645,-6.1183553,1.1839623,-1.4644839,-6.384219,-3.321093,-2.5329647,-4.103459,-3.8347275,-1.3609282,-2.224287,-1.9525465,-1.6055067,-1.9018159,1.2875417,-0.40326405,-0.8815599,1.440329,-0.28454143,0.22697215,0.32959262,-0.2945281,-0.1027262,-1.2355577,Human
-434.05338,107.21038,-33.739788,0.96311957,-19.446568,0.28058934,-10.278035,-4.052761,-6.1296163,2.2275043,0.1263053,1.7862052,-0.7035885,2.4258833,-7.1503797,-0.68796414,-4.458759,-3.3922596,-5.05906,-1.9923748,-8.436198,-4.841271,-4.9810166,-3.126857,-4.1673136,0.69200855,0.3871088,0.9766708,2.254317,3.466793,2.6338303,3.739172,1.7788231,2.7859592,1.6171064,2.046596,0.7785204,0.8008542,0.31060404,0.50141585,Human
-349.35193,97.0872,-11.314984,7.3827214,-4.578025,-2.0815094,-21.578035,-13.981963,-15.499442,-11.203362,-8.291728,-2.8291776,-10.226496,-4.606255,-5.7123184,-4.907219,-12.048504,-5.627308,-6.5817776,-5.166372,-8.393005,-2.9111767,-6.021822,-4.5524936,-1.9567283,-2.4264052,-1.6073272,-1.1255959,-2.520428,-0.55594337,-3.3074384,-0.91401637,-2.3207095,-0.8618319,-4.529493,-2.50148,-4.50807,-1.1846492,-2.3900971,-1.1393268,Human
-338.35785,40.91373,-0.13718528,14.077714,-15.050439,-9.3139925,-17.79236,-8.820735,-12.17114,-7.7644377,-10.446842,-6.575906,-10.960004,-9.336769,-11.170307,-10.656804,-12.174821,-5.2845154,-10.997549,-7.035761,-8.096702,-5.5084453,-8.671614,-2.6735787,-7.5310874,-2.6129122,-6.239316,-1.8746634,-5.301786,-1.6114409,-5.52067,-0.84592044,-3.1769495,0.37007615,-2.9313147,0.56128055,-1.3530315,1.8265123,0.02059052,3.3887703,Human
-281.3195,80.01851,-23.514507,-1.3656542,-10.867904,-5.842131,-22.660925,-8.209391,-12.630934,-10.4182005,-5.482346,-5.027616,-9.908494,-3.0413945,-6.694696,-2.0028799,-8.622828,-2.8190901,-5.021491,-2.3278804,-5.424001,-0.5746375,-5.127428,-1.4412415,-5.324,-1.8762331,-5.0332375,-2.4591813,-3.87949,-2.3013482,-2.210036,-0.8529528,-2.5739899,0.5818011,-2.9513946,0.63528746,-1.750447,-0.15697777,-0.929772,-0.015502656,Human
-257.25024,96.83003,-21.471783,-4.1753545,-11.693214,-15.588406,-9.367866,-8.477165,-12.692205,3.3325586,-16.427025,-5.750184,-6.8178525,-7.3065863,-6.542129,-6.905317,-6.4848733,-4.899963,-7.328944,-7.064051,-6.388921,-4.432751,-9.236521,-3.1687887,-8.120876,-5.6927032,-7.8874893,-4.856411,-8.870419,-3.7003837,-4.888301,-2.2594461,0.9093869,1.2922306,0.59891427,2.2408402,-0.19162165,0.9098244,-0.20286937,1.8667134,AI
-256.99866,91.23195,-24.979218,-4.523542,-10.601305,-19.722775,-14.684053,-8.322732,-11.792879,-1.7403336,-11.822025,-4.700172,-6.3699827,-11.637483,-8.132101,-13.362271,-11.45646,-4.5250497,-7.4373293,-5.2624087,-6.282297,-5.901247,-1.9376321,8.193413,2.8460531,5.1970444,1.573259,3.1954339,3.2456558,0.7437966,-1.9107256,-0.28846994,-0.15829082,-1.1130126,-1.3712437,0.070724815,-2.0218728,-1.6831667,-1.2401979,2.062002,AI
-265.9371,114.91201,-35.319885,10.318928,4.339985,-12.872276,-4.8856506,-7.9398165,-12.818471,1.39729,-5.1707377,-1.125127,-1.3156407,-0.84751755,-5.077101,-0.4837962,-4.686765,-4.363131,-2.1579561,0.08753037,-8.273182,0.19403064,-5.2116327,-3.9022708,-3.1250725,-3.2358332,-3.1126802,-1.5908368,-3.0083084,0.11864512,-2.24009,0.16467376,2.651669,4.4625945,1.4280715,5.479883,0.99341047,3.690665,2.0125277,3.668105,AI
-271.0555,99.14996,-19.926199,1.827676,-10.809439,-4.114848,-12.782681,-8.306321,-7.867039,-1.9073977,-5.881211,-3.880789,-4.1905665,-3.1794093,-8.469823,-1.2411674,-6.511288,-4.262282,-3.1972373,-3.801416,-5.6335654,-1.5198339,-1.6499985,-0.39378378,-0.4346889,1.7804561,-0.871083,-0.11939612,0.26675835,-0.5976036,-1.6946799,-1.334492,-1.2473329,-0.20424937,-2.5337791,-1.686033,-2.6725087,-2.7857265,-2.568977,-0.8113568,AI
-251.47913,62.215416,-28.646795,-8.56504,-17.161648,-11.8119955,-13.437456,-10.132369,-12.980486,-3.4242191,-8.6342745,-4.5605006,-4.0783477,-3.7981954,-6.9731894,-0.27507877,-10.173227,-3.9105124,-4.2688813,-8.432479,-7.2204623,-0.4009829,-3.5606022,3.6641417,3.3230846,3.526535,0.8872067,2.2142775,0.4223142,1.0632124,-0.3624449,0.26240477,-1.8195096,0.327679,-1.4106194,-0.21905228,-2.915584,-0.38437137,-3.1179202,-0.8923261,AI
-254.0838,59.43,-19.851704,5.1702237,-16.843,-12.904491,-9.021144,-6.145877,-10.050382,-0.50218433,-10.774693,-2.4551573,-9.949532,-6.5948253,-8.461963,-11.209238,-9.715172,-5.226934,-11.712437,-5.7057776,-7.2555046,-3.181564,-4.767877,4.0276093,-1.6862329,2.5391946,0.8755018,-0.4201435,-0.12016942,0.31863645,-3.4828978,0.0076784636,-2.904411,-0.11335166,-3.4880943,-0.9099794,-3.2563996,-2.7411673,-3.1848345,-0.6567726,AI
-276.82056,84.936806,-23.854198,-6.8037515,-5.1089354,-10.3545885,-11.670987,-6.406674,-12.044895,-8.89358,1.0763454,-10.739387,-3.039114,-1.7966006,-5.537096,-1.472329,-10.611085,-4.915546,-8.949053,-6.9125786,-5.373471,-1.566681,-4.106535,1.9351002,-1.9735435,3.463619,-1.7136054,4.267278,-1.1081698,3.4447045,-1.2882138,2.7720182,0.081869215,1.1957422,-2.259782,1.2561243,-2.9597638,-0.13964938,-2.4356177,0.70724314,AI
-238.39381,89.14271,12.511682,27.670574,9.348442,4.442112,-8.783315,-6.767813,-5.0406218,2.9617739,-4.8181686,1.2260562,-1.0979323,-2.604109,-2.2367332,0.8629297,-4.9457297,0.63682044,-0.4387541,2.9115465,-5.8728404,-0.17802642,-2.9657388,0.24930102,-4.4214706,2.0601642,-3.2465625,0.34987277,-1.8753648,-0.7326945,-2.9464555,0.56782,-1.4305227,-2.0506709,-1.631743,-1.2390482,-2.681253,0.25081804,-1.0927691,-1.3986013,AI
-357.28317,94.7075,10.227209,22.461142,7.553751,-3.384039,-7.2890973,3.1320047,0.23536675,6.44359,-1.7757188,8.677147,1.5046082,0.10588133,0.92178994,-5.0638204,-3.2859333,5.498099,2.0523233,5.7743473,-0.14799453,-1.156164,1.2626474,10.058658,2.8222144,5.4339113,1.0164821,5.398037,2.9768863,1.2572768,-1.2820609,2.3096163,1.2923299,1.8458223,-0.4777499,2.7439742,0.007653546,1.8384211,1.8474069,4.8583145,AI
-295.92032,109.53102,-7.025134,28.597343,19.71302,-2.8000138,-3.5240524,-6.3459272,-8.217127,2.6815233,-0.12837489,3.240765,1.9279624,5.2961326,-1.2569958,6.253584,-1.077538,-1.6924615,1.8179095,4.21064,-6.9012213,2.78326,-2.9080482,-0.26295793,-1.5932114,1.2569886,0.08986102,1.5901451,-1.5339831,1.468672,-2.3111594,-0.0317841,-0.28505883,2.2154796,-2.143456,1.9995435,-2.5600967,1.5090315,-1.2536001,0.54787517,AI
-253.21373,104.71953,5.93005,20.304974,5.805499,6.0966187,-13.77703,-8.124429,-4.3329535,2.8304522,-0.4986935,0.4974911,-0.2605148,0.38026685,-5.7383175,4.8042173,-2.1868517,-0.31810063,0.16275038,2.5803123,-2.7894378,-0.969884,0.44476026,-0.9143905,-3.11884,2.720147,-2.695696,-0.1518051,-0.83336246,-0.22461508,-1.9391718,1.0633198,-0.5195311,0.7927889,-0.97565717,-0.5332896,-1.3761361,-0.53475845,-1.408708,0.55427897,AI
-322.0656,101.33685,9.855758,26.344671,6.5013843,10.215184,-9.591792,1.2684537,-2.8214593,-0.3673408,1.8464278,3.3241253,1.8516439,2.94002,3.9812264,3.3523252,-3.0359297,2.774205,-0.07896011,-0.87405556,-1.7438502,0.2828891,-0.949678,1.9622897,-0.5503913,2.905715,-2.145538,2.1982358,-1.4084592,-0.4920593,-1.3165785,0.8414065,-1.1296377,0.4489746,-1.3618535,-0.40679672,-2.4781291,0.4995105,-1.2543703,-1.1379752,AI
-267.1758,56.897614,13.932704,32.469032,-1.0959427,-3.0095866,-6.790382,2.7384908,-3.0480607,3.809773,-2.8109317,6.0718403,-3.079564,1.6334435,-0.6314465,-4.2935777,-3.185128,2.8891053,-4.3701844,2.3055258,-1.0475873,2.259673,-2.4075649,6.660476,-1.0990872,3.574299,1.7543781,2.086168,1.7941073,2.1322525,-1.113516,4.212172,-0.19263303,4.316455,-0.46481088,2.7985938,0.37565342,1.8057256,0.73017186,2.454806,AI
-242.55118,84.40063,9.154403,19.546131,15.295461,3.7422771,-4.981273,-4.4182334,-5.6530204,-7.8543777,4.6555343,-3.5476,-0.9619732,4.0436816,2.7946239,4.9564652,-5.775371,-1.0942745,-3.3509388,-1.7229114,-3.2025697,2.574052,-4.2293057,1.2626207,-5.785461,1.1599939,-5.228097,2.1260762,-3.628507,1.3962035,-3.6302736,4.3504477,-1.0648805,1.7359521,-3.027077,2.005445,-2.8237786,0.256692,-1.3900689,1.0282485,AI
-249.63669,90.4113,-2.599974,12.475327,-6.7996917,-2.6609514,-15.820419,-11.861856,-12.749984,-5.2779098,-8.687888,-3.7734408,-7.835109,-6.807123,-9.100534,-4.303746,-8.131694,-5.051322,-5.232186,-2.1138823,-8.4662,-2.4082773,-5.278816,-4.5515246,-7.154437,-2.1249466,-7.3785625,-2.358559,-6.268167,-4.02201,-5.467892,-2.2244217,-4.265527,-3.313398,-2.911216,-2.1998973,-3.1716638,-1.1644111,-2.4028912,-2.329103,AI
-250.5023,101.632515,-8.430072,17.054192,-5.047692,-10.220732,-7.645215,-3.7068408,-10.980336,0.95903337,-7.674321,-8.071369,-7.1681075,-1.962231,-8.060577,-3.5303416,-4.770407,-4.0219045,-6.2753677,-4.393475,-6.233033,-4.8064694,-7.4953055,-3.7790108,-7.2512584,-3.575043,-7.031569,-1.916807,-7.703239,-3.1573226,-5.2975097,-3.1985035,-4.7292857,-2.4916124,-3.867654,-2.4974258,-4.190944,-2.740406,-5.0457425,-2.13545,AI
-247.14673,112.63024,-17.340586,25.460236,8.639106,-7.7724338,-5.028571,-12.532641,-11.5823555,-0.5005123,-4.314908,0.024535544,-3.4064143,1.0780206,-6.593508,2.7155123,-4.35124,-6.129712,-2.265108,2.4673855,-10.875005,0.8858404,-5.5952578,-3.9709368,-5.711164,-0.8239987,-2.5677433,-1.2466869,-3.0662653,-0.14950682,-2.4601994,-1.5695596,-1.6276004,0.32850337,-3.4933434,0.7644393,-3.7216744,0.3860417,-3.0321426,-0.82924086,AI
-266.22058,98.82168,-6.425131,12.995998,-0.31721398,1.2286129,-15.660646,-8.350613,-8.613973,-0.2708698,-3.8335087,-3.893864,-4.540296,-1.6862842,-10.597692,1.0502952,-4.3917756,-5.49321,-2.6127484,-1.1652061,-5.3500247,-2.5239594,-1.8510423,-3.839987,-4.6308103,-0.37762672,-5.095549,-2.9667733,-3.239139,-3.135917,-3.9029603,-1.5891107,-3.0916593,-1.3791264,-2.3762155,-1.8440312,-2.1082985,-2.2697475,-3.027007,-0.49075112,AI
-248.50551,106.104126,-4.9500437,23.601923,-3.7335355,7.9537354,-14.927158,0.1611138,-11.206364,-4.036354,-1.9512359,-4.5410957,-3.3353274,-3.4061167,-3.2168734,-1.2360123,-6.716692,-5.789168,-2.6536531,-5.339392,-6.4631057,-2.020564,-4.8573318,-3.889038,-4.506344,-2.0049713,-6.2037926,-0.7183267,-5.218611,-3.5001307,-3.0289657,-2.1069088,-4.767083,-2.828193,-4.3036995,-3.2449892,-4.5867333,-2.990785,-4.6299043,-4.4942517,AI
-229.63043,42.791965,-1.1533967,18.964798,-16.581755,-13.635465,-12.482383,-7.014323,-15.941716,-4.089878,-10.783254,-4.412945,-13.744563,-5.8724246,-10.2298,-13.543006,-9.271654,-5.9675837,-12.6318655,-5.109556,-8.3436365,-4.34377,-8.929238,0.7976111,-6.965292,-1.3189988,-2.3661468,-2.1960883,-1.0233622,0.63625383,-1.4639927,4.0385866,-1.3550802,3.541129,-0.85766435,3.202085,1.3332553,1.8673469,0.03901701,1.7726065,AI
-246.84749,75.74907,-3.41014,10.246071,1.2224933,-4.9101005,-10.918171,-10.189097,-13.850442,-13.3893585,-0.66650504,-10.902278,-7.2921166,-2.1884315,-4.9038453,-0.96779037,-11.887294,-6.048263,-7.9657164,-5.938059,-6.6108146,-1.5335902,-8.843893,-2.726719,-10.21028,-2.9195135,-8.917499,-1.7289848,-6.8066297,-1.5789484,-6.4145875,1.9132613,-3.9287798,-0.23293255,-4.3026295,1.071182,-3.9964547,-0.8799776,-2.8854818,0.20808223,AI
-271.7727,97.824745,3.063775,15.995337,5.7270207,-0.65690964,-13.011174,-8.8692255,-8.566762,-1.6846485,-4.5049615,-1.2522504,-4.369117,-3.3982832,-6.912575,-0.5290023,-6.051747,-2.8724334,-4.0317454,-0.8514337,-6.8486214,-1.4363837,-2.6991298,-2.566314,-7.0990024,-0.4393333,-4.9875565,-1.8467066,-4.4700603,-2.1360927,-4.631002,-2.0319173,-3.6397333,-5.183831,-3.773475,-3.2833598,-4.5343533,-1.8720938,-2.395047,-4.2376065,AI
-278.49002,107.10327,-1.2413146,18.865305,3.6976106,-10.4676075,-9.734595,-3.6717799,-6.3871017,3.394539,-6.565471,-6.703307,-4.09176,-0.72777927,-4.4180064,-2.1568468,-3.5623124,-3.0609136,-5.419414,-5.0186534,-5.951677,-4.078279,-6.2704406,-3.6528478,-5.7612314,-2.8415642,-5.8909183,-1.5542051,-6.810598,-3.31907,-3.8320067,-3.0914443,-3.6135206,-1.8238312,-2.7676556,-2.3974516,-3.458136,-2.6687763,-4.188873,-2.0745544,AI
-270.12512,102.62339,-7.8165708,15.16515,1.4684207,-15.455718,-17.42929,-7.28911,-7.537824,-0.04453785,-12.999837,-0.03337093,-6.3343453,-8.934786,-5.1923065,-17.079607,-12.148128,-2.804128,-4.804608,-2.2611558,-4.3750563,-8.031262,-4.619448,4.163982,-1.4591541,-0.24495706,-4.633905,0.043474283,-0.4496972,-3.0861554,-4.6305923,-2.5397277,-1.9808983,-2.1396244,-3.2552922,-0.3160531,-0.37077668,-0.614095,0.50350124,4.6603284,AI
-304.3075,112.544975,3.6589189,17.682404,6.02281,6.4977183,-15.070519,-10.110475,-5.981552,-1.0463576,-2.9547338,-1.5927014,-2.2271612,-4.8020616,-6.132274,-0.3257352,-4.3318777,-2.126713,-5.215841,-2.3846774,-5.433955,-4.1705933,-2.3262725,-4.372529,-4.944171,-0.8439535,-4.112151,-2.6599238,-2.590015,-1.3662043,-2.2272336,-0.8660056,-1.7200084,-1.213951,-2.33813,-2.5794451,-2.0021844,-2.646554,-2.9386573,-1.193721,AI
-373.8816,101.222275,9.938749,19.443518,7.1145706,4.89211,-9.462905,-2.0718498,-2.3500783,-1.9195662,0.77821213,-0.56177706,-0.65575653,-0.96254325,0.5363175,-1.2727205,-5.3804474,-3.7221768,-3.7840714,-5.8546844,-4.9548187,-2.9194155,-1.7640108,-3.2814093,-2.7617152,-0.76082706,-4.273196,-1.0828145,-2.7885728,-3.3232265,-1.293324,-1.6060236,-2.2136097,-2.5051296,-2.4995923,-2.4701107,-3.1994078,-2.5129404,-2.4364605,-3.3473642,AI
-338.89523,61.35474,9.05157,25.01117,-5.7615595,-11.650433,-12.472364,-0.64175653,-6.439442,0.20145471,-4.5887885,-0.14629202,-5.3037043,-4.872514,-3.1924808,-9.678205,-8.040906,-2.11205,-9.115297,-4.6341887,-5.5177374,-1.209077,-6.250069,1.6368903,-3.4287033,-1.7060246,-1.5131603,-2.463263,-1.504911,-1.8446856,-2.719014,-0.10501607,-2.3513925,-0.0029153617,-2.7078722,-0.0967207,-1.1873635,-1.0504873,-0.7072585,0.3177327,AI
-277.41135,91.0402,9.648732,16.920994,11.75955,-1.2852398,-7.5729284,-8.949712,-7.406013,-8.046474,2.961128,-6.9453263,-3.0405602,-0.12137763,0.7255182,0.48031732,-8.924037,-5.095092,-6.5426965,-5.842816,-6.510961,-0.26301065,-6.5122404,-2.6829588,-7.8672123,-1.7169352,-7.1652956,-0.48463342,-5.972929,-0.24875025,-4.5722213,2.3985834,-2.820408,-0.8768773,-4.4531183,-0.40109527,-4.589089,-2.3982868,-3.614207,-1.1218735,AI
-342.94818,73.58059,-11.082105,-0.49143982,-8.496953,-7.645751,-8.125127,-6.7449794,-5.5020475,-4.6299057,-5.5312934,-1.7346091,-5.369091,-1.3411763,-4.384191,-3.8137949,-5.3178697,-2.5063334,-2.6078265,-4.1656404,-6.6458526,-2.4274633,-4.8081646,-3.9824264,-3.2642455,-0.78445315,-2.2761054,2.4555209,0.54383224,3.0390255,2.473309,3.0776477,2.7723632,1.7997597,1.5690184,1.7459562,0.5071326,1.5418723,0.69616354,-0.31713754,AI
-341.4106,83.11694,-12.742481,0.97932357,-9.972536,-11.755354,-2.6831572,-5.256876,-8.537674,3.4512725,-10.098832,-5.4874787,-3.1176562,-3.4651754,-3.8665783,-4.7236075,-5.075036,-2.924481,-4.9398913,-5.4236903,-4.5173454,-2.8314602,-5.9958,-1.7433641,-4.4206023,-2.7866087,-4.0590496,-1.8705728,-6.020843,-2.0542345,-3.1395102,-3.4069529,-2.0968852,-1.7869561,-1.8676115,-0.48270765,-1.083881,0.16740422,-0.12575074,1.1526963,AI
-322.6163,76.85143,-20.444977,-2.2329183,-6.471933,-16.994152,-8.965354,-5.3439283,-8.205305,0.31991744,-9.582496,-3.2161021,-4.780332,-8.3205805,-4.993363,-11.911544,-9.537829,-2.7836337,-5.619447,-3.287598,-5.4000206,-6.941413,-4.0882387,2.2751286,-2.0154655,1.7599642,0.5698346,3.1822178,4.1576266,3.264709,2.652549,3.33377,2.9135993,2.7241583,1.905326,2.666162,1.3220931,1.2831336,1.5719125,2.9202576,AI
-309.95248,112.42581,-24.889471,13.602943,5.684257,-9.520826,-2.477462,-6.0098147,-9.124365,1.4980837,-3.0041072,0.17246327,-0.0241008,0.026066434,-2.2913587,1.002679,-3.5363808,-4.7708726,-0.13377114,0.9956931,-7.805249,1.0923469,-3.6663506,-3.4546182,-1.9189843,-1.4361712,-0.44051245,-0.0051277103,-1.0491296,0.3030777,-1.8267146,-1.7416359,-1.0320953,0.03793781,-2.230977,1.3532276,-0.7787605,2.470855,0.9936544,2.2957237,AI
-328.4623,64.738716,-15.386386,-2.6823542,-13.748801,-8.338053,-8.545045,-4.722245,-10.12683,-2.6369603,-5.9314513,-5.7139874,-3.6582155,-2.7051234,-3.3735778,-0.95257896,-8.007989,-1.160713,-3.0668507,-5.8635626,-5.7631817,-2.8154676,-5.325124,-1.5246611,-2.27821,0.28071773,0.2069645,2.7917094,2.6465924,4.175935,4.6807165,3.7108347,2.1335335,3.5985582,2.6129293,2.352346,0.5420881,2.532989,-0.13250719,0.4552641,AI
-329.0443,54.497467,-13.844506,8.881394,-12.9946375,-11.524271,-3.2667365,-4.200727,-6.410354,-0.0021484634,-6.794196,-2.3272693,-6.020039,-3.387513,-4.5605383,-9.3259,-7.0681767,-3.3552995,-8.42352,-4.0284925,-6.093444,-3.950597,-6.740449,-0.73389804,-4.39752,-0.33244947,0.6439789,0.4272619,1.765691,2.9473927,0.8581941,3.4170978,0.30680424,3.3162138,-0.054655198,2.0769327,-0.21096696,0.23603979,-0.27744332,0.37262726,AI
-346.88657,70.66399,-14.198172,-1.7266473,-3.827846,-8.902974,-5.7501407,-3.828119,-8.779136,-6.5677023,2.1436002,-8.430174,-2.347773,0.7631475,-2.4519439,-0.2135504,-7.4582767,-2.4358144,-5.544205,-5.7591643,-3.9366226,-2.8337586,-6.5441036,-3.0023036,-6.2526135,-0.8994186,-3.053065,2.9424574,0.3086782,4.261273,3.1192176,5.2608643,2.9436984,3.7021115,1.3756466,3.1884735,0.19789517,1.871013,0.10673499,1.3295375,AI
-290.84207,78.72969,-2.035392,12.64534,4.39766,0.33839753,-10.978797,-9.634586,-10.349756,-2.388672,-7.5432873,-3.0550406,-5.835467,-5.171958,-7.5965095,-2.3726437,-7.630539,-3.1441307,-4.636328,-0.20515019,-7.8084254,-2.8376732,-4.674088,-2.3348856,-7.3008265,-0.21141274,-4.6771216,-1.7195264,-4.4888225,-2.3590403,-4.3234906,-2.0490456,-3.3320515,-4.5705905,-3.9269347,-3.935927,-4.685202,-1.9706677,-2.70952,-3.7126021,AI
-290.6619,90.93908,-13.397036,8.029893,-2.3056173,-11.284433,-10.140172,-7.570908,-11.343508,0.79937875,-9.469237,-8.885549,-6.2543583,-3.086849,-6.525555,-3.7401924,-5.0085855,-3.898177,-6.507915,-5.347203,-6.3914104,-4.360561,-7.5063524,-3.7009206,-6.0403366,-2.9567208,-5.4440594,-1.1830003,-7.079403,-3.4306931,-4.0826344,-2.9963062,-3.8888512,-2.45963,-3.6973896,-3.259277,-4.261371,-2.9574087,-3.8856044,-1.8630633,AI
-290.7086,83.55818,-17.34198,4.4351068,-1.0821706,-15.58301,-17.587585,-10.111512,-11.506803,-3.1464553,-13.765499,-4.68823,-8.940827,-10.867572,-6.8880568,-16.801617,-12.072783,-3.9878542,-5.0977535,-1.8351682,-4.9419475,-8.403741,-4.6134315,2.2532587,-3.3435903,-0.5974163,-4.465325,-0.19126655,-1.1360816,-2.9089098,-3.951878,-2.1459792,-1.1290882,-0.61274934,-2.0567873,1.0614535,0.992511,1.5400364,3.2961092,7.22088,AI
-282.83304,109.15522,-20.670788,21.159294,13.424607,-6.883318,-4.5541015,-12.107143,-12.456166,-0.92050153,-5.6164584,0.08059691,-3.2382622,0.641299,-4.740134,2.2387455,-4.161607,-5.5492682,-1.9930922,1.9512032,-10.290019,0.5814867,-4.5228662,-3.0620856,-4.270222,-0.18393004,-1.2464322,0.05348283,-1.6792871,0.34280774,-2.5283165,-1.3656462,-1.3683027,0.57723105,-3.579649,0.040525943,-3.6192713,0.79416966,-2.2988932,-0.49159032,AI
-312.89264,97.97776,-4.233227,12.749081,3.6414428,5.3779635,-11.491035,-9.314873,-7.5630307,-1.9525394,-4.8302317,-2.9820197,-3.083391,-3.8388436,-7.5439396,-0.044226542,-4.5959535,-2.7822838,-4.34221,-1.9545534,-5.6244097,-3.8363864,-2.2026665,-4.3119025,-4.507142,-0.022794476,-3.5010774,-1.9953884,-2.396545,-1.9310465,-2.4318342,-1.0287162,-2.2361746,-2.1163733,-3.099788,-3.8943605,-3.0800424,-2.8474321,-2.7881863,-1.5488666,AI
-275.8142,45.611988,-6.1970453,16.952715,-7.9489994,-10.251526,-14.654531,-5.6275926,-11.633155,-4.5284758,-8.205917,-4.8535175,-9.718074,-6.503342,-7.939642,-11.267138,-10.278658,-4.2622676,-10.72401,-4.4989862,-7.2802315,-2.971405,-9.282276,-0.4671965,-6.6082096,-2.8432243,-3.113271,-3.5167122,-3.0850306,-2.4505749,-4.6552253,-0.27027994,-3.611632,0.42295033,-3.5149088,0.3844247,-1.3227847,0.4432767,0.71511304,2.637698,AI
-293.38574,79.98104,-2.4557157,10.999645,8.955373,-0.10846771,-5.5142775,-8.967227,-9.762961,-9.5195265,1.0385087,-6.9970713,-4.4349537,-0.2787725,-0.775001,0.9378521,-9.478239,-4.384052,-7.09402,-5.409209,-6.1904182,-0.46063998,-7.4269767,-2.4400191,-8.005883,-1.8789122,-7.067533,-0.80782,-5.377783,-0.62856776,-5.219414,2.1665912,-3.025259,-1.9137437,-5.0649557,-1.7221223,-5.1796093,-2.8721163,-3.4778142,-1.4121653,AI
-284.3148,69.879005,6.499512,15.516282,2.099477,-0.22178534,-12.29507,-9.936454,-10.008782,-3.214486,-6.8698378,-4.058777,-6.912057,-5.2207904,-7.88245,-3.4286678,-7.895376,-2.6362538,-4.518894,-1.3572627,-8.743339,-2.8524716,-5.2545776,-3.1894374,-7.3522873,-1.28459,-6.4025517,-2.2412426,-4.4231315,-2.8006332,-4.8773947,-2.1346593,-3.2604196,-4.4685636,-3.948988,-2.9981067,-4.040647,-1.6218843,-2.6611059,-3.1663554,AI
-414.22305,74.29843,1.7383513,4.337369,-2.266869,-11.050577,-10.036622,-7.476766,-12.838905,-1.0071175,-11.533989,-8.509119,-8.258713,-3.9434338,-10.375098,-3.3533309,-7.3145504,-3.7772973,-8.345269,-6.0381894,-8.281714,-4.8543572,-8.0780115,-4.2310224,-7.206567,-4.3218217,-6.977539,-2.589202,-7.740778,-3.726631,-5.2265377,-3.720118,-4.3540516,-2.426695,-4.375002,-2.2076523,-4.244072,-2.5124433,-4.33982,-1.5635734,AI
-425.61273,69.86564,-3.9774153,1.5389031,-3.08019,-16.346447,-17.068325,-11.257831,-14.43952,-4.6382427,-14.606133,-3.338696,-10.296565,-9.905642,-10.89016,-14.000316,-13.405805,-2.86676,-7.2564926,-2.6756775,-7.535713,-8.212811,-5.5664873,2.2031643,-3.857987,-0.790241,-4.9151015,0.027069144,-1.1033901,-2.6191556,-4.2681975,-1.2669529,-1.567327,-0.126179,-2.163617,2.090604,0.45239297,2.380565,2.735462,7.257587,AI
-426.07605,84.61526,-4.843929,13.986738,12.657891,-7.3097234,-5.9953923,-12.379222,-13.138551,-1.8436537,-4.9967475,-1.8139131,-3.8915904,0.7824702,-7.956609,2.656874,-5.821962,-4.6711674,-1.9443178,-0.47606736,-9.989453,-0.54813695,-5.396056,-3.633795,-4.6382823,-1.4773576,-2.0931013,-0.76783293,-2.6432867,0.1236376,-3.3639758,-1.6431935,-1.8739462,0.3787981,-3.0622904,0.5761366,-3.2087529,0.7296504,-2.0724998,0.18367164,AI
-305.8664,90.01684,4.9148693,13.612659,2.1183977,4.293164,-13.932433,-10.765353,-6.9445114,-2.2718697,-4.309742,-3.2407095,-5.0016155,-3.6098824,-8.278642,0.037337873,-5.3008695,-2.2113523,-3.5279517,-1.3072362,-5.6390944,-3.4280353,-2.6032271,-3.9535494,-4.878883,-0.5865796,-4.5900865,-2.4699106,-2.5700958,-1.7637165,-3.0551844,-1.3318789,-2.4982421,-1.4235934,-2.9755893,-2.6928258,-2.589883,-2.4729238,-3.110215,-1.100905,AI
-425.9656,75.56696,3.98966,8.998217,-0.033317033,2.097126,-12.332501,-5.6921477,-10.549128,-5.6852665,-3.6432538,-3.9542828,-6.081528,-1.1815691,-5.035624,-1.0370214,-8.167545,-1.8693441,-5.640408,-5.7918563,-7.0244994,-3.114108,-5.092652,-2.8009155,-5.013869,-2.07238,-5.7558823,-1.5737236,-4.4968195,-3.0219152,-3.280308,-1.8478683,-4.1475816,-1.9883474,-3.77499,-2.2541578,-3.8514972,-1.1490452,-3.346364,-2.0991068,AI
-290.6861,70.253044,5.993184,10.692544,7.282155,-1.1717173,-8.268519,-8.436065,-10.935177,-10.307185,-0.16500205,-8.236309,-5.4284563,-0.28798744,-2.4047978,0.38916367,-9.218347,-4.802046,-6.992507,-6.0417886,-6.3083296,-1.030479,-7.4396467,-2.5999851,-8.457463,-2.7144969,-7.4330516,-1.2699373,-5.622513,-0.8527245,-4.9244714,1.8822036,-3.1874452,-1.0942405,-4.4957514,-0.5543331,-4.4449763,-1.9422492,-3.3996449,-0.79218495,AI
-269.79224,88.427826,-13.321366,2.5966964,-11.242268,-5.1580367,-14.325325,-11.093568,-11.894919,-3.406703,-8.7413435,-3.0713038,-6.08092,-5.8145213,-5.9105887,-4.0418067,-6.3269076,-2.660544,-4.406598,-1.1032856,-6.083028,-1.6699965,-3.342598,-3.2757525,-6.68308,-2.3143024,-5.9623427,-2.7252364,-4.806783,-3.2572496,-3.8706188,-1.5318284,-2.6496453,-2.7323146,-2.4196253,-1.8830074,-2.1216114,-0.27020422,-1.0590342,-1.6872909,AI
-314.37524,88.29172,-22.273413,4.898399,-13.56767,-11.239969,-11.31812,-5.4270005,-11.081468,2.433052,-9.48674,-5.664033,-5.8299522,-1.9700863,-5.7871747,-3.3104165,-4.4769983,-2.8037505,-5.708852,-3.031808,-5.0375767,-2.566,-5.99858,-2.5271394,-5.7227354,-2.6079202,-5.750128,-1.2533654,-6.699799,-2.590113,-4.1567516,-2.6566715,-3.709085,-1.4599181,-3.5262022,-1.9656422,-3.3440745,-1.7395884,-3.818751,-1.3553414,AI
-262.3558,78.84703,-29.560404,-2.200755,-14.313185,-19.99083,-18.921164,-10.051616,-13.004516,-3.0612621,-12.908127,-5.1489587,-8.33176,-11.977532,-6.9989877,-14.338005,-11.593278,-3.5056417,-6.0477023,-2.7799315,-4.903762,-5.944176,-3.2136748,4.560226,-1.6169106,1.6391752,-1.141743,2.2326403,2.0822656,0.8681032,0.5173394,2.4727695,2.282513,2.3083673,1.6565557,3.9075089,2.381299,2.734635,2.558666,5.0939717,AI
-262.91577,109.903755,-23.632843,16.63948,4.0668583,-7.844382,-5.5258207,-9.206836,-10.724935,2.1514144,-4.7121253,0.31506667,-1.8252198,0.95842224,-3.6038709,1.6696041,-3.1695495,-4.101526,-2.6103861,3.0287995,-7.9604387,0.7883599,-3.8296916,-1.9339298,-4.4645376,-0.51618373,-1.1947756,-0.35437313,-1.82911,0.4292049,-1.51083,-1.3261808,-0.94090134,0.4976963,-2.9945118,0.46192116,-2.7744048,0.7251247,-2.0625198,-0.44882184,AI
-289.40042,92.97112,-11.122843,8.287257,-6.989107,0.8845885,-12.077944,-6.581293,-8.28665,1.1712338,-2.7792761,-3.364898,-3.788887,-1.8268963,-6.4632387,-0.38836688,-3.8090317,-2.1450973,-3.1337202,-0.594309,-4.070355,-2.3187273,-0.8672528,-3.1411998,-4.501427,-1.0865928,-4.2291646,-3.163345,-3.0439363,-2.760423,-3.3004196,-1.7075655,-2.3007865,-1.3853116,-2.3152885,-1.6317958,-1.7198212,-1.1449906,-2.0568776,-0.2068504,AI
-267.66354,78.09219,-18.69848,4.2280827,-13.112988,-6.3080473,-14.14164,-4.9516716,-14.951125,-2.715852,-6.49424,-8.210263,-6.067266,-4.23549,-3.4943457,-1.928476,-7.5748725,-1.478663,-4.8855286,-4.299631,-5.830128,-2.2050202,-5.9420986,-3.6234913,-5.1676545,-4.290108,-6.0245757,-3.077417,-5.248358,-3.2119205,-2.4320023,-1.1133319,-3.332017,-0.675539,-1.728144,-1.1985672,-2.0461214,0.48874855,-1.7973349,-0.31951946,AI
-301.5812,54.96325,-17.075016,9.848694,-19.723936,-12.347301,-15.720703,-6.1473975,-12.115837,-2.5780153,-8.248596,-3.449838,-9.063412,-5.956397,-7.5921736,-9.769659,-9.93662,-3.5796633,-10.269357,-3.5888736,-6.7820096,-1.3390628,-8.397799,-0.061954748,-6.26153,-2.8378553,-3.7462084,-2.6025841,-3.6846502,-1.8527758,-4.2047586,-0.34891582,-3.332131,0.33360666,-3.1873748,0.20629811,-1.7713614,-0.1518805,-1.475833,0.8876786,AI
